{
	 "rootnode": {
		 "name": "cube_LARGE.obj"
		,"transformation": [
			 1
			,0
			,0
			,0
			,0
			,1
			,0
			,0
			,0
			,0
			,1
			,0
			,0
			,0
			,0
			,1
		]
		,"children": [
			{
				 "name": "cube_1"
				,"transformation": [
					 1
					,0
					,0
					,0
					,0
					,1
					,0
					,0
					,0
					,0
					,1
					,0
					,0
					,0
					,0
					,1
				]
				,"meshes": [
					 0
				]
			}
		]
	}
	,"flags": 8
	,"meshes": [
		{
			 "name": ""
			,"materialindex": 0
			,"primitivetypes": 4
			,"vertices": [
				 -5
				,-5
				,5
				,5
				,-5
				,5
				,-5
				,5
				,5
				,-5
				,5
				,5
				,5
				,-5
				,5
				,5
				,5
				,5
				,-5
				,5
				,5
				,5
				,5
				,5
				,-5
				,5
				,-5
				,-5
				,5
				,-5
				,5
				,5
				,5
				,5
				,5
				,-5
				,-5
				,5
				,-5
				,5
				,5
				,-5
				,-5
				,-5
				,-5
				,-5
				,-5
				,-5
				,5
				,5
				,-5
				,5
				,-5
				,-5
				,-5
				,-5
				,-5
				,5
				,-5
				,-5
				,-5
				,-5
				,5
				,-5
				,-5
				,5
				,5
				,-5
				,-5
				,5
				,-5
				,5
				,5
				,-5
				,5
				,5
				,-5
				,-5
				,5
				,5
				,5
				,5
				,5
				,5
				,5
				,-5
				,-5
				,5
				,5
				,-5
				,-5
				,-5
				,-5
				,-5
				,-5
				,5
				,-5
				,5
				,-5
				,-5
				,5
				,-5
				,-5
				,-5
				,5
				,-5
				,5
				,5
			]
			,"normals": [
				 0
				,0
				,1
				,0
				,0
				,1
				,0
				,0
				,1
				,0
				,0
				,1
				,0
				,0
				,1
				,-0
				,0
				,1
				,-0
				,1
				,0
				,0
				,1
				,0
				,0
				,1
				,0
				,0
				,1
				,0
				,0
				,1
				,0
				,0
				,1
				,0
				,0
				,0
				,-1
				,0
				,0
				,-1
				,0
				,0
				,-1
				,0
				,0
				,-1
				,0
				,0
				,-1
				,0
				,0
				,-1
				,0
				,-1
				,0
				,0
				,-1
				,0
				,0
				,-1
				,0
				,0
				,-1
				,0
				,0
				,-1
				,0
				,0
				,-1
				,0
				,1
				,-0
				,0
				,1
				,0
				,0
				,1
				,0
				,0
				,1
				,0
				,0
				,1
				,0
				,0
				,1
				,0
				,0
				,-1
				,0
				,0
				,-1
				,0
				,0
				,-1
				,0
				,0
				,-1
				,0
				,0
				,-1
				,0
				,0
				,-1
				,0
				,0
			]
			,"tangents": [
				 0
				,-1
				,0
				,0.252725
				,-0.967538
				,0
				,0.252725
				,-0.967538
				,0
				,0.252725
				,-0.967538
				,0
				,0.252725
				,-0.967538
				,0
				,0.707107
				,-0.707107
				,0
				,0
				,0
				,1
				,0.252725
				,0
				,0.967538
				,0.252725
				,0
				,0.967538
				,0.252725
				,0
				,0.967538
				,0.252725
				,0
				,0.967538
				,0.707107
				,0
				,0.707107
				,0
				,-1
				,0
				,-0.252725
				,-0.967538
				,0
				,-0.252725
				,-0.967538
				,0
				,-0.252725
				,-0.967538
				,0
				,-0.252725
				,-0.967538
				,0
				,-0.707107
				,-0.707107
				,0
				,0
				,0
				,-1
				,0.252725
				,0
				,-0.967538
				,0.252725
				,0
				,-0.967538
				,0.252725
				,0
				,-0.967538
				,0.252725
				,0
				,-0.967538
				,0.707107
				,0
				,-0.707107
				,0
				,-1
				,0
				,0
				,-0.967538
				,-0.252725
				,0
				,-0.967538
				,-0.252725
				,0
				,-0.967538
				,-0.252725
				,0
				,-0.967538
				,-0.252725
				,0
				,-0.707107
				,-0.707107
				,0
				,-1
				,0
				,0
				,-0.967538
				,0.252725
				,0
				,-0.967538
				,0.252725
				,0
				,-0.967538
				,0.252725
				,0
				,-0.967538
				,0.252725
				,0
				,-0.707107
				,0.707107
			]
			,"bitangents": [
				 -1
				,0
				,0
				,-0.967538
				,0.252725
				,0
				,-0.967538
				,0.252725
				,0
				,-0.967538
				,0.252725
				,0
				,-0.967538
				,0.252725
				,0
				,-0.707107
				,0.707107
				,0
				,-1
				,0
				,0
				,-0.967538
				,0
				,-0.252725
				,-0.967538
				,0
				,-0.252725
				,-0.967538
				,0
				,-0.252725
				,-0.967538
				,0
				,-0.252725
				,-0.707107
				,0
				,-0.707107
				,1
				,0
				,0
				,0.967538
				,0.252725
				,0
				,0.967538
				,0.252725
				,0
				,0.967538
				,0.252725
				,0
				,0.967538
				,0.252725
				,0
				,0.707107
				,0.707107
				,0
				,-1
				,0
				,0
				,-0.967538
				,0
				,0.252725
				,-0.967538
				,0
				,0.252725
				,-0.967538
				,0
				,0.252725
				,-0.967538
				,0
				,0.252725
				,-0.707107
				,0
				,0.707107
				,0
				,0
				,1
				,0
				,0.252725
				,0.967538
				,0
				,0.252725
				,0.967538
				,0
				,0.252725
				,0.967538
				,0
				,0.252725
				,0.967538
				,0
				,0.707107
				,0.707107
				,0
				,0
				,-1
				,0
				,0.252725
				,-0.967538
				,0
				,0.252725
				,-0.967538
				,0
				,0.252725
				,-0.967538
				,0
				,0.252725
				,-0.967538
				,0
				,0.707107
				,-0.707107
			]
			,"numuvcomponents": [
				 2
			]
			,"texturecoords": [
				[
					 0
					,0
					,0
					,0
					,1
					,0
					,0
					,1
					,0
					,1
					,1
					,0
					,0
					,0
					,0
					,0
					,1
					,0
					,0
					,1
					,0
					,1
					,1
					,0
					,1
					,1
					,1
					,1
					,0
					,1
					,1
					,0
					,1
					,0
					,0
					,1
					,0
					,0
					,0
					,0
					,1
					,0
					,0
					,1
					,0
					,1
					,1
					,0
					,0
					,0
					,0
					,0
					,1
					,0
					,0
					,1
					,0
					,1
					,1
					,0
					,0
					,0
					,0
					,0
					,1
					,0
					,0
					,1
					,0
					,1
					,1
					,0
				]
			]
			,"faces": [
				[
					 0
					,1
					,2
				]
				,[
					 3
					,4
					,5
				]
				,[
					 6
					,7
					,8
				]
				,[
					 9
					,10
					,11
				]
				,[
					 12
					,13
					,14
				]
				,[
					 15
					,16
					,17
				]
				,[
					 18
					,19
					,20
				]
				,[
					 21
					,22
					,23
				]
				,[
					 24
					,25
					,26
				]
				,[
					 27
					,28
					,29
				]
				,[
					 30
					,31
					,32
				]
				,[
					 33
					,34
					,35
				]
			]
		}
	]
	,"materials": [
		{
			 "properties": [
				{
					 "key": "?mat.name"
					,"semantic": 0
					,"index": 0
					,"type": 3
					,"value": "DefaultMaterial"
				}
				,{
					 "key": "$mat.shadingm"
					,"semantic": 0
					,"index": 0
					,"type": 4
					,"value": 2
				}
				,{
					 "key": "$clr.ambient"
					,"semantic": 0
					,"index": 0
					,"type": 1
					,"value": [
						 0
						,0
						,0
					]
				}
				,{
					 "key": "$clr.diffuse"
					,"semantic": 0
					,"index": 0
					,"type": 1
					,"value": [
						 0.6
						,0.6
						,0.6
					]
				}
				,{
					 "key": "$clr.specular"
					,"semantic": 0
					,"index": 0
					,"type": 1
					,"value": [
						 0
						,0
						,0
					]
				}
				,{
					 "key": "$clr.emissive"
					,"semantic": 0
					,"index": 0
					,"type": 1
					,"value": [
						 0
						,0
						,0
					]
				}
				,{
					 "key": "$mat.shininess"
					,"semantic": 0
					,"index": 0
					,"type": 1
					,"value": 0
				}
				,{
					 "key": "$mat.opacity"
					,"semantic": 0
					,"index": 0
					,"type": 1
					,"value": 1
				}
				,{
					 "key": "$mat.refracti"
					,"semantic": 0
					,"index": 0
					,"type": 1
					,"value": 1
				}
			]
		}
	]
}
